{
  "model_path": "../models/beeYOLO.pt",
  "dataset_name": "honeybee-data",
  "mode": "val",
  "total_images": 40,
  "total_ground_truth": 80,
  "total_detections": 0,
  "total_correct": 0,
  "overall_precision": 0.7616612114796347,
  "overall_recall": 0.6662291748766561,
  "overall_f1_score": 0.7407731232844016,
  "overall_map50": 0.7407731232844016,
  "overall_map50_95": 0.38974540092158444,
  "conf_threshold": 0.5,
  "iou_threshold": 0.5,
  "ultralytics_metrics": {
    "metrics/precision(B)": 0.7616612114796347,
    "metrics/recall(B)": 0.6662291748766561,
    "metrics/mAP50(B)": 0.7407731232844016,
    "metrics/mAP50-95(B)": 0.38974540092158444,
    "fitness": 0.42484817315786616
  },
  "processing_stats": {
    "processed_images": 40,
    "skipped_images": 0,
    "skipped_no_labels": 0,
    "skipped_no_target_class": 0
  }
}