{
  "model_path": "../models/beeYOLO.pt",
  "dataset_name": "hoverfly-data",
  "mode": "val",
  "total_images": 38,
  "total_ground_truth": 76,
  "total_detections": 0,
  "total_correct": 0,
  "overall_precision": 0.8333333333333333,
  "overall_recall": 0.6710526315789473,
  "overall_f1_score": 0.7466833333333334,
  "overall_map50": 0.7466833333333334,
  "overall_map50_95": 0.35745484648918474,
  "conf_threshold": 0.5,
  "iou_threshold": 0.5,
  "ultralytics_metrics": {
    "metrics/precision(B)": 0.8333333333333333,
    "metrics/recall(B)": 0.6710526315789473,
    "metrics/mAP50(B)": 0.7466833333333334,
    "metrics/mAP50-95(B)": 0.35745484648918474,
    "fitness": 0.3963776951735996
  },
  "processing_stats": {
    "processed_images": 38,
    "skipped_images": 0,
    "skipped_no_labels": 0,
    "skipped_no_target_class": 0
  }
}